{"name":"c5aad157-3385-48ab-ad0d-803bf6d9fcb8","id":"/providers/Microsoft.Flow/flows/c5aad157-3385-48ab-ad0d-803bf6d9fcb8","type":"Microsoft.Flow/flows","properties":{"apiId":"/providers/Microsoft.PowerApps/apis/shared_logicflows","displayName":"When an alert is generated -> Get user,Send an email (V2)","definition":{"metadata":{"workflowEntityId":null,"processAdvisorMetadata":null,"flowclientsuspensionreason":"None","flowclientsuspensiontime":null,"flowclientsuspensionreasondetails":null,"creator":{"id":"cd6eeb99-d904-4b40-adc5-61e022ddf308","type":"User","tenantId":"42fd8667-1533-4cfc-a315-4e5fe9613248"},"provisioningMethod":"FromDefinition","failureAlertSubscription":true,"clientLastModifiedTime":"2022-11-18T15:52:26.325428Z"},"$schema":"https://schema.management.azure.com/providers/Microsoft.Logic/schemas/2016-06-01/workflowdefinition.json#","contentVersion":"1.0.0.0","parameters":{"$connections":{"defaultValue":{},"type":"Object"},"$authentication":{"defaultValue":{},"type":"SecureObject"}},"triggers":{"When_an_alert_is_generated":{"metadata":{"operationMetadataId":"18ae34ba-95e7-4d07-b0c0-fd8def21ebca"},"type":"OpenApiConnectionWebhook","inputs":{"host":{"apiId":"/providers/Microsoft.PowerApps/apis/shared_cloudappsecurity","connectionName":"shared_cloudappsecurity","operationId":"MCAS_ON_ALERT_GENERATED"},"parameters":{},"authentication":"@parameters('$authentication')"}}},"actions":{"Get_user":{"runAfter":{},"metadata":{"operationMetadataId":"30f3cbe9-e69a-429b-b9dd-d7c05d58ba7f"},"type":"OpenApiConnection","inputs":{"host":{"apiId":"/providers/Microsoft.PowerApps/apis/shared_azuread","connectionName":"shared_azuread","operationId":"GetUser"},"parameters":{"id":"@triggerOutputs()?['body/CompromisedEntity']"},"authentication":"@parameters('$authentication')"}},"Send_an_email_(V2)":{"runAfter":{"Get_user":["Succeeded"]},"metadata":{"operationMetadataId":"a1837ae2-a00b-4859-92b8-3da01396f938"},"type":"OpenApiConnection","inputs":{"host":{"apiId":"/providers/Microsoft.PowerApps/apis/shared_office365","connectionName":"shared_office365","operationId":"SendEmailV2"},"parameters":{"emailMessage/To":"Lucio@LuchaLumber.onmicrosoft.com","emailMessage/Subject":"@{triggerOutputs()?['body/AlertDisplayName']} - Triggered","emailMessage/Body":"<p>Hi,<br>\n@{triggerOutputs()?['body/AlertDisplayName']} in Defender for Cloud Apps was triggered by @{triggerOutputs()?['body/CompromisedEntity']}. <br>\n<br>\nDescription below:<br>\n@{triggerOutputs()?['body/Description']}<br>\n<br>\nPlease investigate</p>","emailMessage/From":"Lucio@LuchaLumber.onmicrosoft.com","emailMessage/Importance":"High"},"authentication":"@parameters('$authentication')"}}},"outputs":{}},"connectionReferences":{"shared_azuread":{"connectionName":"60edbbb5e5554561887a81f03e68968e","source":"Embedded","id":"/providers/Microsoft.PowerApps/apis/shared_azuread","tier":"NotSpecified"},"shared_office365":{"connectionName":"61f51114b0734990a0ae81944ba774a1","source":"Embedded","id":"/providers/Microsoft.PowerApps/apis/shared_office365","tier":"NotSpecified"},"shared_cloudappsecurity":{"connectionName":"6a79598323c847228eeaffe697d94d0f","source":"Embedded","id":"/providers/Microsoft.PowerApps/apis/shared_cloudappsecurity","tier":"NotSpecified"}},"flowFailureAlertSubscribed":false,"isManaged":false}}